{"cameraMode":{"drawMode":0,"name":"Shaded","section":"Shading Mode"},"sceneLighting":true,"audioPlay":false,"sceneViewState":{"showFog":false,"showMaterialUpdate":false,"showSkybox":false,"showFlares":false,"showImageEffects":false,"showParticleSystems":false},"in2DMode":false,"pivot":{"x":2.3028602600097658,"y":-8.013934135437012,"z":-2.5541863441467287},"rotation":{"x":0.07500426471233368,"y":-0.7484661340713501,"z":0.08593156188726425,"w":0.6532905697822571},"size":22.0,"orthographic":false}